<?xml version="1.0" encoding="UTF-8"?>
<root>
  <item name="com.heinrichreimersoftware.materialintro.app.IntroActivity buttonBackFunction">
    <annotation name="android.support.annotation.IntDef">
      <val name="value" val="{com.heinrichreimersoftware.materialintro.app.IntroActivity.BUTTON_BACK_FUNCTION_BACK, com.heinrichreimersoftware.materialintro.app.IntroActivity.BUTTON_BACK_FUNCTION_SKIP}" />
    </annotation>
  </item>
  <item name="com.heinrichreimersoftware.materialintro.app.IntroActivity buttonCtaTintMode">
    <annotation name="android.support.annotation.IntDef">
      <val name="value" val="{com.heinrichreimersoftware.materialintro.app.IntroActivity.BUTTON_CTA_TINT_MODE_BACKGROUND, com.heinrichreimersoftware.materialintro.app.IntroActivity.BUTTON_CTA_TINT_MODE_TEXT}" />
    </annotation>
  </item>
  <item name="com.heinrichreimersoftware.materialintro.app.IntroActivity buttonNextFunction">
    <annotation name="android.support.annotation.IntDef">
      <val name="value" val="{com.heinrichreimersoftware.materialintro.app.IntroActivity.BUTTON_NEXT_FUNCTION_NEXT, com.heinrichreimersoftware.materialintro.app.IntroActivity.BUTTON_NEXT_FUNCTION_NEXT_FINISH}" />
    </annotation>
  </item>
  <item name="com.heinrichreimersoftware.materialintro.app.IntroActivity int getButtonBackFunction()">
    <annotation name="android.support.annotation.IntDef">
      <val name="value" val="{com.heinrichreimersoftware.materialintro.app.IntroActivity.BUTTON_BACK_FUNCTION_BACK, com.heinrichreimersoftware.materialintro.app.IntroActivity.BUTTON_BACK_FUNCTION_SKIP}" />
    </annotation>
  </item>
  <item name="com.heinrichreimersoftware.materialintro.app.IntroActivity int getButtonCtaTintMode()">
    <annotation name="android.support.annotation.IntDef">
      <val name="value" val="{com.heinrichreimersoftware.materialintro.app.IntroActivity.BUTTON_CTA_TINT_MODE_BACKGROUND, com.heinrichreimersoftware.materialintro.app.IntroActivity.BUTTON_CTA_TINT_MODE_TEXT}" />
    </annotation>
  </item>
  <item name="com.heinrichreimersoftware.materialintro.app.IntroActivity int getButtonNextFunction()">
    <annotation name="android.support.annotation.IntDef">
      <val name="value" val="{com.heinrichreimersoftware.materialintro.app.IntroActivity.BUTTON_NEXT_FUNCTION_NEXT, com.heinrichreimersoftware.materialintro.app.IntroActivity.BUTTON_NEXT_FUNCTION_NEXT_FINISH}" />
    </annotation>
  </item>
  <item name="com.heinrichreimersoftware.materialintro.app.IntroActivity void setButtonBackFunction(int) 0">
    <annotation name="android.support.annotation.IntDef">
      <val name="value" val="{com.heinrichreimersoftware.materialintro.app.IntroActivity.BUTTON_BACK_FUNCTION_BACK, com.heinrichreimersoftware.materialintro.app.IntroActivity.BUTTON_BACK_FUNCTION_SKIP}" />
    </annotation>
  </item>
  <item name="com.heinrichreimersoftware.materialintro.app.IntroActivity void setButtonCtaTintMode(int) 0">
    <annotation name="android.support.annotation.IntDef">
      <val name="value" val="{com.heinrichreimersoftware.materialintro.app.IntroActivity.BUTTON_CTA_TINT_MODE_BACKGROUND, com.heinrichreimersoftware.materialintro.app.IntroActivity.BUTTON_CTA_TINT_MODE_TEXT}" />
    </annotation>
  </item>
  <item name="com.heinrichreimersoftware.materialintro.app.IntroActivity void setButtonNextFunction(int) 0">
    <annotation name="android.support.annotation.IntDef">
      <val name="value" val="{com.heinrichreimersoftware.materialintro.app.IntroActivity.BUTTON_NEXT_FUNCTION_NEXT, com.heinrichreimersoftware.materialintro.app.IntroActivity.BUTTON_NEXT_FUNCTION_NEXT_FINISH}" />
    </annotation>
  </item>
  <item name="com.heinrichreimersoftware.materialintro.app.OnNavigationBlockedListener void onNavigationBlocked(int, int) 1">
    <annotation name="android.support.annotation.IntDef">
      <val name="value" val="{com.heinrichreimersoftware.materialintro.app.OnNavigationBlockedListener.DIRECTION_FORWARD, com.heinrichreimersoftware.materialintro.app.OnNavigationBlockedListener.DIRECTION_BACKWARD}" />
    </annotation>
  </item>
</root>

